mask_type,loss,hole_loss_weight,relative_loss_weight,hole_l1_output,hole_mse_output,ssim_5,psnr
biased,l1,0.7,0.0,1.4722115993499756,60.7036637440611,0.9089940202925368,57.420775556056455
biased,relative,0.7,1e-07,1.463798999786377,59.49229642996642,0.9110337848796783,57.55539121466135
random,l1,2.0,0.0,1.5221153497695923,64.48641154572246,0.9080391842868305,57.33182578220445
random,relative,2.0,7e-07,1.5173414945602417,64.55782240153532,0.9122192932607772,57.35569644443952
