mask_type,loss,hole_loss_weight,relative_loss_weight,hole_l1_output,hole_mse_output,ssim_5,psnr
biased,l1,3,0.0,1.489109992980957,60.71765076508064,0.9035645326486472,57.312504907596654
biased,relative,3,1e-07,1.4460338354110718,58.208894845793665,0.9082132842714444,57.57606484822884
random,l1,3,0.0,1.5408709049224854,62.54916464902397,0.9083324976460025,57.49089920488849
random,relative,2,1e-06,1.5462636947631836,63.8548416544578,0.9101774534674214,57.26072431105524
