mask_type,loss,hole_loss_weight,relative_loss_weight,hole_l1_output,hole_mse_output,ssim_5,psnr
biased,l1,3,0.0,1.461864709854126,59.726150465856385,0.9098723715870247,57.40993072224694
biased,relative,3,4e-07,1.4475022554397583,58.880945735494805,0.9108242764920129,57.587331882839706
random,l1,3,0.0,1.54097580909729,63.75014603207464,0.9083580575524473,57.43426848726716
random,relative,3,1e-06,1.5006364583969116,61.43370712505313,0.9121418334258972,57.56452414829123
