mask_type,loss,hole_loss_weight,relative_loss_weight,hole_l1_output,hole_mse_output,ssim_5,psnr
biased,l1,0.7,0.0,1.4528238773345947,56.162124388570966,0.9091967801096709,57.5672633160757
biased,relative,5.0,1e-07,1.3643217086791992,50.993428873216025,0.9114558605304489,58.18460886211515
random,l1,5.0,0.0,1.4306930303573608,54.82693663951346,0.9125819391734298,58.16136733042402
random,relative,3.0,1e-07,1.444657802581787,55.7628709732269,0.9131106923952785,58.08374625472704
