mask_type,loss,hole_loss_weight,relative_loss_weight,hole_l1_output,hole_mse_output,ssim_5,psnr
biased,l1,0.7,0.0,0.9468477964401245,39.39051911872212,0.915437492520508,61.99624608488048
biased,relative,0.7,1e-07,0.9394938945770264,38.516689587170205,0.9169867339781135,62.11593897259739
random,l1,2.0,0.0,0.9847888350486755,42.197671536483,0.915726250426551,62.03233384127086
random,relative,2.0,7e-07,0.97953861951828,41.9680618160173,0.9180589522672711,61.99687497815808
