mask_type,loss,hole_loss_weight,relative_loss_weight,hole_l1_output,hole_mse_output,ssim_5,psnr
biased,l1,3,0.0,0.9474806189537048,39.17306290869413,0.916511488948999,61.91635137567733
biased,relative,3,4e-07,0.9309847950935364,38.3538329793265,0.9173244654607969,62.16220816096724
random,l1,3,0.0,0.9898351430892944,40.90037883484643,0.9157859007696395,62.20664452932036
random,relative,3,1e-06,0.9584207534790039,39.2157882506599,0.9185303636974473,62.31303968659024
