mask_type,loss,hole_loss_weight,relative_loss_weight,hole_l1_output,hole_mse_output,ssim_5,psnr
biased,l1,3,0.0,0.9230571985244751,35.64110624170951,0.9166115064966681,62.4981694335847
biased,relative,3,1e-06,0.9070075154304504,34.33483744809868,0.9201169074110226,62.73451895624868
random,l1,1,0.0,1.0090326070785522,41.44602136407303,0.9104066364174165,61.964596482675525
random,relative,3,1e-07,0.9645848274230957,37.07318375906,0.9178000237861932,62.65905621521946
