mask_type,loss,hole_loss_weight,relative_loss_weight,hole_l1_output,hole_mse_output,ssim_5,psnr
biased,l1,3,0.0,0.9578787088394165,39.34975840130024,0.9141443254948514,61.80424200928689
biased,relative,3,7e-07,0.9255934953689575,37.94937705498802,0.9176229252283807,62.24111161606679
random,l1,3,0.0,1.0071930885314941,43.86186105712991,0.9153774943130678,61.95131112751186
random,relative,3,7e-07,0.9755200743675232,40.550395657673434,0.9175299501900456,62.243625383990654
